City_ID,City,Country,Date,Lat,Lng,Max Temp,Humidity,Cloudiness,Wind Speed
0,Khatanga,RU,2022-02-02 11:56:37,71.9667,102.5,-38.88,99,64,1.81
1,Bubaque,GW,2022-02-02 11:56:38,11.2833,-15.8333,78.31,76,11,10.25
2,Wajima,JP,2022-02-02 11:56:38,37.4,136.9,38.93,74,96,7.61
3,Abu Zabad,SD,2022-02-02 11:56:38,12.35,29.25,88.3,12,8,7.87
4,Richards Bay,ZA,2022-02-02 11:56:39,-28.783,32.0377,92.71,50,9,15.99
5,Novoagansk,RU,2022-02-02 11:56:39,61.9449,76.6625,-5.91,100,53,5.86
6,Broome,US,2022-02-02 11:56:39,42.2506,-75.833,30.51,78,40,3.0
7,Mataura,NZ,2022-02-02 11:56:39,-46.1927,168.8643,62.47,100,100,1.39
8,Hasaki,JP,2022-02-02 11:56:40,35.7333,140.8333,37.8,34,30,3.85
9,Yugorsk,RU,2022-02-02 11:56:40,61.3133,63.3319,21.83,96,100,5.82
10,Katsuura,JP,2022-02-02 11:56:40,35.1333,140.3,44.71,42,81,7.18
11,Hilo,US,2022-02-02 11:52:12,19.7297,-155.09,68.25,80,40,8.05
12,Albany,US,2022-02-02 11:56:41,42.6001,-73.9662,29.17,79,100,1.81
13,Tuktoyaktuk,CA,2022-02-02 11:56:41,69.4541,-133.0374,-28.28,100,99,5.26
14,Thompson,CA,2022-02-02 11:56:41,55.7435,-97.8558,-29.04,68,0,11.5
15,Jamestown,US,2022-02-02 11:51:44,42.097,-79.2353,35.71,52,40,1.99
16,Minatitlan,MX,2022-02-02 11:54:00,17.9833,-94.5167,67.48,95,30,2.26
17,Ushuaia,AR,2022-02-02 11:56:41,-54.8,-68.3,42.46,70,75,29.93
18,Quatre Cocos,MU,2022-02-02 11:56:42,-20.2078,57.7625,82.51,88,100,41.03
19,Sioux Lookout,CA,2022-02-02 11:53:35,50.1001,-91.917,-14.73,76,0,8.05
20,Rikitea,PF,2022-02-02 11:56:42,-23.1203,-134.9692,77.68,69,64,5.86
21,Marion,US,2022-02-02 11:54:15,39.7684,-86.1555,46.22,90,100,0.0
22,Bluff,NZ,2022-02-02 11:56:42,-46.6,168.3333,62.8,93,95,14.38
23,Hermanus,ZA,2022-02-02 11:56:43,-34.4187,19.2345,74.89,69,20,22.91
24,Souillac,MU,2022-02-02 11:56:43,-20.5167,57.5167,82.78,89,75,33.38
25,Saldanha,ZA,2022-02-02 11:56:43,-33.0117,17.9442,66.25,79,100,14.54
26,Sambava,MG,2022-02-02 11:56:43,-14.2667,50.1667,84.51,62,89,7.76
27,Tshikapa,CD,2022-02-02 11:56:44,-6.4167,20.8,85.33,66,78,0.49
28,Chuy,UY,2022-02-02 11:56:44,-33.6971,-53.4616,73.35,64,1,5.66
29,Parintins,BR,2022-02-02 11:56:44,-2.6283,-56.7358,77.65,85,94,5.5
30,Castro,BR,2022-02-02 11:56:44,-24.7911,-50.0119,69.03,83,80,5.99
31,Boulsa,BF,2022-02-02 11:56:45,12.6675,-0.5758,84.25,5,49,13.53
32,Punta Arenas,CL,2022-02-02 11:56:45,-53.15,-70.9167,46.42,81,40,8.05
33,Petropavlovsk-Kamchatskiy,RU,2022-02-02 11:56:45,53.0452,158.6483,27.19,100,100,4.47
34,Butaritari,KI,2022-02-02 11:56:46,3.0707,172.7902,80.94,82,51,16.04
35,Murdochville,CA,2022-02-02 11:56:46,48.9583,-65.5006,11.28,80,100,12.26
36,Chokurdakh,RU,2022-02-02 11:56:46,70.6333,147.9167,-6.93,97,100,6.4
37,Arlit,NE,2022-02-02 11:56:46,18.7369,7.3853,79.54,8,1,11.14
38,Yellowknife,CA,2022-02-02 11:56:47,62.456,-114.3525,-31.45,84,0,4.61
39,Nikolskoye,RU,2022-02-02 11:56:47,59.7035,30.7861,25.39,94,98,1.88
40,Ponta Do Sol,PT,2022-02-02 11:56:47,32.6667,-17.1,67.12,65,100,10.07
41,Kutum,SD,2022-02-02 11:56:47,14.2,24.6667,83.97,12,3,11.9
42,Taybad,IR,2022-02-02 11:56:48,34.74,60.7756,52.9,27,0,11.32
43,Saskylakh,RU,2022-02-02 11:56:48,71.9167,114.0833,-27.99,100,44,2.57
44,Severo-Kurilsk,RU,2022-02-02 11:56:48,50.6789,156.125,26.98,83,85,6.98
45,Coquimbo,CL,2022-02-02 11:56:43,-29.9533,-71.3436,62.33,88,100,1.14
46,Nhulunbuy,AU,2022-02-02 11:55:14,-12.2333,136.7667,77.61,94,100,8.05
47,Ullapool,GB,2022-02-02 11:57:49,57.8987,-5.1604,49.75,92,100,8.55
48,Polunochnoye,RU,2022-02-02 11:57:49,60.8697,60.4153,16.12,98,100,1.16
49,Ribeira Grande,PT,2022-02-02 11:57:49,38.5167,-28.7,61.2,67,20,9.22
50,Vaini,TO,2022-02-02 11:57:49,-21.2,-175.2,77.16,88,20,4.61
51,Morondava,MG,2022-02-02 11:57:50,-20.2833,44.2833,87.28,66,47,15.5
52,Gayny,RU,2022-02-02 11:57:50,60.3071,54.3241,27.7,89,99,7.16
53,Tigil,RU,2022-02-02 11:57:50,57.8,158.6667,20.8,91,100,5.46
54,Woensdrecht,NL,2022-02-02 11:57:51,51.4163,4.337,50.72,95,100,5.75
55,Sulangan,PH,2022-02-02 11:57:51,11.1373,123.7228,81.34,78,96,13.09
56,Aquiraz,BR,2022-02-02 11:57:51,-3.9014,-38.3911,82.49,76,75,8.25
57,Nemuro,JP,2022-02-02 11:57:51,43.3236,145.575,22.84,75,20,10.2
58,Jingdezhen,CN,2022-02-02 11:57:52,29.2947,117.2079,37.17,98,100,3.71
59,Abu Dhabi,AE,2022-02-02 11:54:29,24.4667,54.3667,73.51,58,0,13.8
60,Talagang,PK,2022-02-02 11:57:52,32.9297,72.4158,60.01,40,89,7.96
61,Busselton,AU,2022-02-02 11:57:52,-33.65,115.3333,82.04,31,34,10.8
62,San Patricio,US,2022-02-02 11:57:52,28.017,-97.5169,67.89,98,47,5.55
63,Qaanaaq,GL,2022-02-02 11:57:53,77.484,-69.3632,-23.96,63,46,7.81
64,Hithadhoo,MV,2022-02-02 11:57:53,-0.6,73.0833,82.8,69,68,6.73
65,Codrington,AU,2022-02-02 11:57:53,-38.2667,141.9667,58.03,76,24,8.86
66,Port Alfred,ZA,2022-02-02 11:57:53,-33.5906,26.891,87.76,59,97,9.1
67,Kabinda,CD,2022-02-02 11:57:54,-6.1333,24.4833,69.39,87,100,2.39
68,Lavrentiya,RU,2022-02-02 11:57:54,65.5833,-171.0,-2.06,82,2,16.64
69,Waipawa,NZ,2022-02-02 11:57:54,-41.4122,175.5153,68.63,67,99,12.97
70,Hobart,AU,2022-02-02 11:57:54,-42.8794,147.3294,60.66,59,75,1.99
71,Singapore,SG,2022-02-02 11:56:20,1.2897,103.8501,86.2,68,75,11.5
72,Gillette,US,2022-02-02 11:57:55,44.2911,-105.5022,3.81,81,100,11.99
73,Port Elizabeth,ZA,2022-02-02 11:57:55,-33.918,25.5701,86.29,58,0,4.61
74,Pimentel,PE,2022-02-02 11:57:55,-6.8367,-79.9342,64.69,88,40,9.22
75,Ust-Ilimsk,RU,2022-02-02 11:57:56,58.0006,102.6619,-6.29,100,72,3.51
76,Pangnirtung,CA,2022-02-02 11:57:56,66.1451,-65.7125,-7.6,59,100,11.5
77,Victoria,HK,2022-02-02 11:54:29,22.2855,114.1577,61.95,91,100,1.01
78,Upernavik,GL,2022-02-02 11:57:56,72.7868,-56.1549,-10.79,64,100,6.55
79,Puerto Ayora,EC,2022-02-02 11:57:57,-0.7393,-90.3518,73.54,96,92,5.01
80,Linamon,PH,2022-02-02 11:57:57,8.186,124.1628,79.02,83,100,0.38
81,Cape Town,ZA,2022-02-02 11:57:57,-33.9258,18.4232,75.11,82,100,3.0
82,Palauig,PH,2022-02-02 11:57:57,15.435,119.9045,79.47,70,64,2.08
83,Ketchikan,US,2022-02-02 11:57:58,55.3422,-131.6461,33.78,93,100,12.66
84,Fairbanks,US,2022-02-02 11:53:43,64.8378,-147.7164,-24.99,67,0,0.0
85,Oksfjord,NO,2022-02-02 11:57:58,70.2396,22.3479,18.52,86,76,11.21
86,Rio Gallegos,AR,2022-02-02 11:57:58,-51.6226,-69.2181,46.45,87,75,8.05
87,Rawatsar,IN,2022-02-02 11:57:58,29.2833,74.3833,71.44,23,17,6.49
88,Nishihara,JP,2022-02-02 11:57:59,26.1842,127.7558,65.48,94,75,5.75
89,Mahebourg,MU,2022-02-02 11:57:59,-20.4081,57.7,82.69,89,75,33.38
90,Eureka,US,2022-02-02 11:57:59,40.8021,-124.1637,44.26,74,1,1.01
91,Abu Kamal,SY,2022-02-02 11:59:00,34.4506,40.9171,61.79,31,1,9.84
92,Cherskiy,RU,2022-02-02 11:59:00,68.75,161.3,-1.64,58,75,2.82
93,Alice Springs,AU,2022-02-02 11:56:42,-23.7,133.8833,63.95,100,100,13.8
94,Aripuana,BR,2022-02-02 11:59:00,-9.1667,-60.6333,74.52,94,100,2.19
95,Verkhnyaya Inta,RU,2022-02-02 11:59:00,65.9811,60.3094,9.72,90,100,2.26
96,Pong,TH,2022-02-02 11:59:01,19.1493,100.2752,84.99,35,3,2.06
97,Yurimaguas,PE,2022-02-02 11:59:01,-5.9,-76.0833,73.36,75,38,0.87
98,Odessa,UA,2022-02-02 11:59:01,46.4775,30.7326,35.53,100,100,4.47
99,Poum,NC,2022-02-02 11:59:02,-20.2333,164.0167,80.08,74,6,12.08
100,Longyearbyen,SJ,2022-02-02 11:59:02,78.2186,15.6401,21.04,73,75,13.8
101,El Playon,CO,2022-02-02 11:59:02,7.4713,-73.2031,73.67,70,3,4.23
102,Lebu,CL,2022-02-02 11:59:02,-37.6167,-73.65,58.64,86,26,4.65
103,Vao,NC,2022-02-02 11:59:03,-22.6667,167.4833,78.06,84,81,18.88
104,Carnarvon,AU,2022-02-02 11:59:03,-24.8667,113.6333,80.67,78,78,14.97
105,Arraial Do Cabo,BR,2022-02-02 11:59:03,-22.9661,-42.0278,78.76,88,75,5.75
106,Oistins,BB,2022-02-02 11:59:04,13.0667,-59.5333,75.29,88,75,9.22
107,Tucurui,BR,2022-02-02 11:59:04,-3.7661,-49.6725,76.66,91,100,3.06
108,Laguna,US,2022-02-02 11:59:04,38.421,-121.4238,50.94,50,0,4.0
109,Moerai,PF,2022-02-02 11:59:04,-22.4333,-151.3333,79.7,76,98,18.1
110,Luderitz,NA,2022-02-02 11:59:05,-26.6481,15.1594,71.37,72,76,12.19
111,Rio Cuarto,AR,2022-02-02 11:59:05,-33.1307,-64.3499,73.17,78,75,17.27
112,Elko,US,2022-02-02 11:59:05,41.0002,-115.5012,14.23,70,53,1.99
113,Lamu,KE,2022-02-02 11:59:06,-2.2717,40.902,81.19,77,100,12.95
114,Yerbogachen,RU,2022-02-02 11:59:06,61.2767,108.0108,-7.24,99,99,2.37
115,Dikson,RU,2022-02-02 11:59:06,73.5069,80.5464,-3.37,96,96,14.12
116,Moroni,KM,2022-02-02 11:59:06,-11.7022,43.2551,80.6,89,75,5.75
117,Yazd,IR,2022-02-02 11:59:07,31.8972,54.3675,57.31,26,0,2.3
118,Kargasok,RU,2022-02-02 11:59:07,59.0556,80.8572,14.88,95,100,6.93
119,Namibe,AO,2022-02-02 11:59:07,-15.1961,12.1522,80.33,52,100,13.53
120,Altamont,US,2022-02-02 11:59:07,42.2068,-121.7372,26.78,78,11,5.57
121,Ust-Omchug,RU,2022-02-02 11:59:08,61.15,149.6333,-18.9,98,59,5.21
122,La Palma,US,2022-02-02 11:59:08,33.8464,-118.0467,56.98,61,0,3.91
123,Wattegama,LK,2022-02-02 11:59:08,6.7989,81.4808,83.32,64,3,9.6
124,Enshi,CN,2022-02-02 11:59:08,30.3,109.4833,37.44,87,83,0.92
125,Lazaro Cardenas,MX,2022-02-02 11:59:09,17.9583,-102.2,68.72,76,0,4.65
126,Makakilo City,US,2022-02-02 11:58:36,21.3469,-158.0858,72.28,78,10,9.91
127,Gaziantep,TR,2022-02-02 11:59:09,37.0594,37.3825,46.33,76,75,9.22
128,Tasiilaq,GL,2022-02-02 11:59:09,65.6145,-37.6368,6.55,85,100,7.47
129,Bethel,US,2022-02-02 11:59:10,41.3712,-73.414,33.55,88,100,2.06
130,Anzio,IT,2022-02-02 11:59:10,41.4853,12.6179,60.46,45,1,13.15
131,Aykhal,RU,2022-02-02 11:59:10,66.0,111.5,-20.67,100,14,2.8
132,Kenai,US,2022-02-02 11:59:10,60.5544,-151.2583,17.65,86,75,3.44
133,Torbay,CA,2022-02-02 11:59:11,47.6666,-52.7314,24.58,87,100,11.5
134,East London,ZA,2022-02-02 11:59:11,-33.0153,27.9116,92.34,55,20,10.36
135,Xining,CN,2022-02-02 11:59:11,36.6167,101.7667,19.33,59,22,2.24
136,Kijang,KR,2022-02-02 11:59:11,35.2442,129.2139,35.33,31,88,6.06
137,Snezhnogorsk,RU,2022-02-02 11:59:12,69.1933,33.2531,-2.42,97,100,0.92
138,Dzilam Gonzalez,MX,2022-02-02 12:00:13,21.2833,-88.9333,65.64,96,7,5.39
139,Airai,TL,2022-02-02 12:00:17,-8.9266,125.4092,61.99,88,41,2.66
140,Cockburn Town,TC,2022-02-02 12:00:18,21.4612,-71.1419,74.44,80,97,18.95
141,Norman Wells,CA,2022-02-02 12:00:27,65.282,-126.8329,-31.16,100,84,2.04
142,Georgetown,MY,2022-02-02 11:56:53,5.4112,100.3354,85.95,89,40,8.99
143,Strezhevoy,RU,2022-02-02 12:00:30,60.7333,77.5889,10.38,98,95,5.7
144,Aswan,EG,2022-02-02 12:00:31,24.0934,32.907,72.64,23,0,0.94
145,Helsinki,FI,2022-02-02 12:00:33,60.1695,24.9355,22.77,87,75,1.99
146,Clyde River,CA,2022-02-02 12:00:35,70.4692,-68.5914,-30.77,75,75,2.3
147,Askino,RU,2022-02-02 12:00:36,56.0901,56.5783,23.95,91,100,11.3
148,Pontianak,ID,2022-02-02 12:00:38,-0.0333,109.3333,80.58,83,20,2.3
149,Iwanai,JP,2022-02-02 12:00:39,42.9744,140.5089,25.34,88,100,9.69
150,Samarai,PG,2022-02-02 12:00:41,-10.6167,150.6667,81.01,80,100,12.39
151,Atuona,PF,2022-02-02 12:00:43,-9.8,-139.0333,78.19,78,72,18.03
152,Faanui,PF,2022-02-02 12:00:44,-16.4833,-151.75,80.38,78,18,18.52
153,Kununurra,AU,2022-02-02 12:00:44,-15.7667,128.7333,82.38,78,75,5.75
154,Byron Bay,AU,2022-02-02 11:59:31,-28.65,153.6167,77.11,96,100,3.85
155,Vaitape,PF,2022-02-02 12:00:45,-16.5167,-151.75,80.38,78,19,18.43
156,Talnakh,RU,2022-02-02 12:00:47,69.4865,88.3972,2.44,96,99,6.33
157,Constitucion,CL,2022-02-02 12:00:47,-35.3333,-72.4167,59.88,79,11,4.12
158,Kushiro,JP,2022-02-02 12:00:48,42.975,144.3747,20.75,89,93,2.64
159,New Norfolk,AU,2022-02-02 12:00:48,-42.7826,147.0587,60.3,57,98,4.0
160,Saint George,US,2022-02-02 12:00:49,37.1041,-113.5841,31.62,38,0,3.0
161,Neiafu,TO,2022-02-02 12:00:49,-18.65,-173.9833,80.91,73,61,12.06
162,Sola,VU,2022-02-02 12:00:49,-13.8833,167.55,81.81,77,100,10.33
163,Bredasdorp,ZA,2022-02-02 12:00:50,-34.5322,20.0403,90.39,40,30,13.33
164,Nome,US,2022-02-02 12:00:50,64.5011,-165.4064,14.16,76,0,19.91
165,Cidreira,BR,2022-02-02 12:00:51,-30.1811,-50.2056,76.78,76,5,11.74
166,Belaya Gora,RU,2022-02-02 12:00:51,68.5333,146.4167,-20.69,100,96,4.05
167,Kirakira,SB,2022-02-02 12:00:51,-10.4544,161.9205,81.25,83,100,9.24
168,Sistranda,NO,2022-02-02 12:00:52,63.7256,8.834,27.9,66,96,23.78
169,Faya,SA,2022-02-02 12:00:52,18.3851,42.4509,66.83,44,22,8.05
170,Ahipara,NZ,2022-02-02 12:00:52,-35.1667,173.1667,68.67,88,100,12.12
171,Berlevag,NO,2022-02-02 12:00:52,70.8578,29.0864,19.2,86,40,9.22
172,Mitsamiouli,KM,2022-02-02 12:00:53,-11.3847,43.2844,82.94,75,41,9.86
173,Myaundzha,RU,2022-02-02 12:00:53,63.0494,147.1858,-19.39,99,67,3.31
174,Gobabis,NA,2022-02-02 12:00:54,-22.45,18.9667,66.85,84,99,11.54
175,Nabire,ID,2022-02-02 12:00:54,-3.3667,135.4833,78.94,86,98,1.63
176,Koslan,RU,2022-02-02 12:00:54,63.4564,48.8989,23.04,97,100,4.29
177,Pizarro,CO,2022-02-02 12:00:55,4.9533,-77.366,73.8,91,38,5.64
178,Alofi,NU,2022-02-02 12:00:55,-19.0595,-169.9187,78.6,79,89,17.31
179,Curuca,BR,2022-02-02 12:00:55,-0.7289,-47.8481,76.68,94,100,4.54
180,Acari,PE,2022-02-02 12:00:56,-15.4311,-74.6158,72.07,80,17,2.64
181,Nanortalik,GL,2022-02-02 12:00:56,60.1432,-45.2371,1.29,75,1,15.37
182,Ambon,ID,2022-02-02 12:00:56,-3.6954,128.1814,80.74,83,20,2.3
183,Kodiak,US,2022-02-02 12:00:56,57.79,-152.4072,36.91,87,100,6.91
184,Maragogi,BR,2022-02-02 12:00:57,-9.0122,-35.2225,83.73,63,73,6.96
185,Roswell,US,2022-02-02 11:56:59,34.0232,-84.3616,45.99,63,98,4.0
186,Avarua,CK,2022-02-02 12:01:57,-21.2078,-159.775,78.85,89,75,12.66
187,Prince Rupert,CA,2022-02-02 12:01:34,54.3161,-130.3201,33.89,93,100,17.27
188,Kaitangata,NZ,2022-02-02 12:01:57,-46.2817,169.8464,61.84,100,99,1.95
189,Bilibino,RU,2022-02-02 12:01:58,68.0546,166.4372,-5.58,59,6,5.77
190,Pahrump,US,2022-02-02 12:01:58,36.2083,-115.9839,38.95,23,0,1.01
191,Burnie,AU,2022-02-02 12:01:58,-41.0667,145.9167,56.91,83,37,10.58
192,Sitka,US,2022-02-02 12:01:59,57.0531,-135.33,35.49,75,100,19.57
193,Changji,CN,2022-02-02 12:01:59,44.0167,87.3167,5.79,78,18,2.24
194,Zaragoza,ES,2022-02-02 12:01:59,41.6561,-0.8773,62.02,42,0,8.99
195,Mwene-Ditu,CD,2022-02-02 12:02:00,-7.0,23.45,72.97,87,100,2.84
196,Tautira,PF,2022-02-02 12:02:00,-17.7333,-149.15,77.02,76,25,16.62
197,Poplar Bluff,US,2022-02-02 12:02:00,36.757,-90.3929,49.78,92,100,8.99
198,Humen,CN,2022-02-02 12:02:01,22.819,113.6731,62.91,82,100,7.92
199,Sobolevo,RU,2022-02-02 12:02:01,54.4299,31.8996,25.45,93,100,10.76
200,Sangar,RU,2022-02-02 12:02:01,63.9242,127.4739,-21.69,97,100,1.32
201,Puerto Escondido,MX,2022-02-02 12:02:02,15.85,-97.0667,72.23,78,0,6.11
202,Karpogory,RU,2022-02-02 12:02:02,64.0019,44.4451,17.92,97,99,3.42
203,Lind,DK,2022-02-02 12:02:02,56.1,8.9833,42.44,59,43,18.5
204,Lorengau,PG,2022-02-02 12:02:03,-2.0226,147.2712,78.82,77,100,3.27
205,Komsomolskiy,UZ,2022-02-02 12:02:03,40.4272,71.7189,42.22,60,100,2.3
206,Barrow,US,2022-02-02 12:02:03,71.2906,-156.7887,-20.18,76,0,8.05
207,Sur,OM,2022-02-02 12:02:04,22.5667,59.5289,76.23,62,1,20.87
208,Kuah,MY,2022-02-02 12:02:04,6.3265,99.8432,81.54,73,40,1.43
209,Kruisfontein,ZA,2022-02-02 12:02:04,-34.0033,24.7314,89.49,45,95,7.02
210,Maniitsoq,GL,2022-02-02 12:02:04,65.4167,-52.9,3.52,92,100,14.88
211,Kapaa,US,2022-02-02 12:02:05,22.0752,-159.319,68.11,59,22,9.64
212,Srednekolymsk,RU,2022-02-02 12:02:05,67.45,153.6833,-20.61,96,49,5.82
213,Rocha,UY,2022-02-02 12:01:27,-34.4833,-54.3333,72.37,59,2,8.14
214,Kavieng,PG,2022-02-02 12:02:05,-2.5744,150.7967,80.69,77,100,10.09
215,Dayr Yusuf,JO,2022-02-02 12:02:06,32.4912,35.7987,59.31,36,33,19.42
216,Bonavista,CA,2022-02-02 12:02:06,48.6499,-53.1147,24.12,76,98,10.87
217,Jaroslaw,PL,2022-02-02 12:02:06,50.0162,22.6778,37.8,98,100,16.67
218,Saint-Philippe,RE,2022-02-02 12:02:07,-21.3585,55.7679,83.75,94,100,27.36
219,Mar Del Plata,AR,2022-02-02 12:02:07,-38.0023,-57.5575,67.87,94,100,4.0
220,Abha,SA,2022-02-02 12:02:07,18.2164,42.5053,65.73,47,29,9.28
221,Innisfail,AU,2022-02-02 12:02:08,-17.5333,146.0333,78.39,91,100,3.74
222,Flinders,AU,2022-02-02 12:02:08,-34.5833,150.8552,68.18,75,100,8.99
223,Broken Hill,AU,2022-02-02 11:58:01,-31.95,141.4333,69.51,26,3,13.8
224,Tome,CL,2022-02-02 12:02:08,-36.6167,-72.95,58.14,81,15,1.59
225,Zhigansk,RU,2022-02-02 12:02:09,66.7697,123.3711,-15.38,96,100,5.3
226,Sao Filipe,CV,2022-02-02 12:02:09,14.8961,-24.4956,75.76,66,1,13.85
227,Tessaoua,NE,2022-02-02 12:02:09,13.7574,7.9874,79.23,7,22,10.54
228,Veraval,IN,2022-02-02 12:02:09,20.9,70.3667,77.18,61,53,14.92
229,Chapayevka,UA,2022-02-02 12:02:10,47.4711,36.3451,36.48,100,100,9.55
230,Falam,MM,2022-02-02 12:03:10,22.9167,93.6833,48.88,46,1,3.85
231,Langarud,IR,2022-02-02 12:03:10,37.197,50.1535,60.85,46,4,4.81
232,Portobelo,PA,2022-02-02 12:03:11,9.55,-79.65,72.86,79,71,8.68
233,Esperance,AU,2022-02-02 12:03:11,-33.8667,121.9,64.78,61,2,22.39
234,Atar,MR,2022-02-02 12:03:11,20.5169,-13.0499,86.61,12,98,25.61
235,Fort Nelson,CA,2022-02-02 12:01:26,58.8053,-122.7002,-18.18,99,97,0.85
236,Road Town,VG,2022-02-02 12:03:12,18.4167,-64.6167,78.84,73,20,8.05
237,Nampula,MZ,2022-02-02 12:03:12,-15.1165,39.2666,84.9,53,45,4.81
238,Rio Verde De Mato Grosso,BR,2022-02-02 12:03:12,-18.9181,-54.8442,74.82,88,100,9.46
239,College,US,2022-02-02 12:03:13,64.8569,-147.8028,-26.0,68,0,3.44
240,Cap Malheureux,MU,2022-02-02 12:03:13,-19.9842,57.6142,80.47,85,100,21.99
241,Vysokogornyy,RU,2022-02-02 12:03:13,50.1167,139.15,-8.95,100,96,3.6
242,Leshukonskoye,RU,2022-02-02 12:03:13,64.8989,45.7622,17.2,96,100,4.32
243,Zabolotovka,RU,2022-02-02 12:03:14,50.2737,39.3147,33.06,100,100,3.62
244,Salalah,OM,2022-02-02 12:02:56,17.0151,54.0924,82.49,34,0,6.91
245,Paamiut,GL,2022-02-02 12:03:14,61.994,-49.6678,-1.97,83,22,10.29
246,Kahului,US,2022-02-02 12:03:14,20.8947,-156.47,68.68,84,0,10.36
247,Rawson,AR,2022-02-02 12:03:15,-43.3002,-65.1023,71.49,36,98,13.18
248,Dawlatabad,AF,2022-02-02 12:03:15,36.4141,64.9053,52.99,52,92,8.9
249,Seymchan,RU,2022-02-02 12:03:15,62.8833,152.4333,-22.36,98,69,3.91
250,Aksarka,RU,2022-02-02 12:03:16,66.5606,67.7975,-15.7,99,99,2.62
251,Tres Lagoas,BR,2022-02-02 12:03:16,-20.7511,-51.6783,71.06,96,100,6.71
252,Bengkulu,ID,2022-02-02 12:03:16,-3.8004,102.2655,80.24,78,94,7.25
253,Kasongo-Lunda,CD,2022-02-02 12:01:35,-6.4667,16.8167,82.47,74,93,1.41
254,Smithers,CA,2022-02-02 12:00:26,54.7804,-127.1743,10.72,79,90,8.05
255,Capitan Bado,PY,2022-02-02 12:03:16,-23.2667,-55.5333,77.07,72,75,9.33
256,Dangara,IN,2022-02-02 12:03:17,29.6799,75.8931,64.0,44,90,5.93
257,Mongoumba,CF,2022-02-02 12:03:17,3.6415,18.5936,98.06,11,61,5.53
258,Khash,IR,2022-02-02 12:03:17,28.2211,61.2158,59.9,14,0,12.91
259,Gilgit,PK,2022-02-02 12:03:18,35.9221,74.3087,32.85,75,99,1.28
260,Padilla,CO,2022-02-02 12:03:18,3.2204,-76.3139,65.64,86,98,2.8
261,Kismayo,SO,2022-02-02 12:03:18,-0.3582,42.5454,83.77,69,95,14.7
262,Nizhnekamsk,RU,2022-02-02 12:03:19,55.6366,51.8245,27.39,86,100,6.71
263,Maamba,ZM,2022-02-02 12:03:19,-17.3667,27.15,82.85,64,25,9.8
264,Ust-Maya,RU,2022-02-02 12:03:19,60.4167,134.5333,-27.4,100,99,0.69
265,Budogoshch,RU,2022-02-02 12:03:20,59.2816,32.4707,18.7,93,99,3.18
266,Samana,DO,2022-02-02 12:03:20,19.2056,-69.3369,73.62,94,40,0.0
267,Oroville,US,2022-02-02 12:03:20,39.5138,-121.5564,46.35,48,0,3.0
268,Surskoye,RU,2022-02-02 12:03:20,54.4821,46.7214,26.62,89,100,8.34
269,Arrecife,ES,2022-02-02 12:03:21,28.963,-13.5477,77.07,35,0,2.3
270,Teknaf,BD,2022-02-02 12:03:21,20.8624,92.3058,70.7,64,2,8.19
271,Portland,US,2022-02-02 12:02:44,45.5234,-122.6762,41.61,95,100,1.01
272,Asau,RO,2022-02-02 12:03:21,46.4333,26.4,43.75,48,92,7.58
273,Gat,IL,2022-02-02 12:03:22,31.61,34.7642,69.91,35,53,0.16
274,Yershichi,RU,2022-02-02 12:03:22,53.6725,32.7542,25.34,95,96,9.73
275,Hamilton,US,2022-02-02 12:00:50,39.1834,-84.5333,47.41,67,100,1.99
276,Sainte-Thecle,CA,2022-02-02 12:03:22,46.8168,-72.4991,27.12,92,100,12.01
277,Stornoway,GB,2022-02-02 12:03:22,58.2093,-6.3865,48.16,90,75,3.0
278,Lompoc,US,2022-02-02 12:04:23,34.6391,-120.4579,50.56,59,0,3.44
279,Vangaindrano,MG,2022-02-02 12:04:23,-23.35,47.6,82.31,60,47,10.63
280,Bereda,ES,2022-02-02 12:04:23,43.2686,-7.5406,61.0,53,2,2.44
281,Providencia,MX,2022-02-02 12:04:24,28.7167,-111.5833,59.05,84,88,2.98
282,Bonnyville,CA,2022-02-02 11:59:53,54.2668,-110.735,-25.8,100,35,2.13
283,Tamsweg,AT,2022-02-02 12:04:24,47.1281,13.811,38.44,89,100,10.6
284,Bathsheba,BB,2022-02-02 12:04:24,13.2167,-59.5167,75.81,88,75,9.22
285,Lar,IN,2022-02-02 12:04:24,26.2039,83.9717,63.63,51,0,3.36
286,Biloxi,US,2022-02-02 12:04:25,30.396,-88.8853,62.65,94,100,17.27
287,Puerto Colombia,CO,2022-02-02 12:04:25,10.9878,-74.9547,75.29,85,35,7.87
288,Beloha,MG,2022-02-02 12:04:25,-25.1667,45.05,93.88,33,0,18.25
289,Pozo Colorado,PY,2022-02-02 12:04:25,-23.4923,-58.7972,86.68,51,11,7.96
290,Kautokeino,NO,2022-02-02 12:04:26,69.0125,23.0412,4.06,98,100,4.34
291,New Ipswich,US,2022-02-02 12:04:26,42.7481,-71.8542,26.69,87,100,2.21
292,Genoa,IT,2022-02-02 12:04:26,44.4129,8.9573,65.14,67,0,4.0
293,Khandyga,RU,2022-02-02 12:04:27,62.6667,135.6,-37.7,100,58,2.37
294,Sun Valley,US,2022-02-02 12:04:27,39.5963,-119.776,30.92,63,0,3.44
295,Te Anau,NZ,2022-02-02 12:04:27,-45.4167,167.7167,63.14,98,100,3.38
296,Havre-Saint-Pierre,CA,2022-02-02 12:04:27,50.2334,-63.5986,20.23,68,100,23.17
297,Pacific Grove,US,2022-02-02 12:04:28,36.6177,-121.9166,55.35,49,0,4.0
298,Yulara,AU,2022-02-02 12:01:17,-25.2406,130.9889,64.54,78,100,18.81
299,Axim,GH,2022-02-02 12:04:28,4.8699,-2.2405,88.0,54,97,8.25
300,Vardo,NO,2022-02-02 12:04:28,70.3705,31.1107,28.38,74,40,8.05
301,Port Hedland,AU,2022-02-02 12:04:29,-20.3167,118.5667,84.25,84,100,13.8
302,Costa Rica,BR,2022-02-02 12:00:42,-23.4167,-54.65,78.53,69,50,8.57
303,Derzhavinsk,KZ,2022-02-02 12:04:29,51.1,66.3167,16.2,90,100,4.43
304,Pangai,TO,2022-02-02 12:04:29,-19.8,-174.35,81.12,72,74,12.62
305,Iqaluit,CA,2022-02-02 12:00:24,63.7506,-68.5145,1.13,77,90,13.0
306,Novyy Urgal,RU,2022-02-02 12:04:29,51.0736,132.5642,-20.09,100,58,0.36
307,Los Llanos De Aridane,ES,2022-02-02 12:04:30,28.6585,-17.9182,64.15,90,40,1.99
308,Buraydah,SA,2022-02-02 12:02:28,26.326,43.975,63.16,23,0,8.14
309,Vestmannaeyjar,IS,2022-02-02 12:01:43,63.4427,-20.2734,37.13,60,100,14.79
310,Limon,CR,2022-02-02 12:04:30,10.0,-83.0333,66.09,94,20,5.75
311,Micomeseng,GQ,2022-02-02 12:04:30,2.1462,10.6164,81.72,65,34,5.68
312,Lucapa,AO,2022-02-02 12:04:31,-8.4192,20.7447,82.33,62,68,3.4
313,Agirish,RU,2022-02-02 12:04:31,61.9247,63.0231,18.48,97,100,3.36
314,Tiarei,PF,2022-02-02 12:04:31,-17.5333,-149.3333,77.02,74,11,18.88
315,Ostrovnoy,RU,2022-02-02 12:04:32,68.0531,39.5131,21.58,86,100,15.61
316,Provideniya,RU,2022-02-02 12:04:32,64.3833,-173.3,8.6,62,0,22.15
317,Bergen,NO,2022-02-02 12:04:32,60.392,5.328,37.65,94,75,8.05
318,Avera,US,2022-02-02 12:04:32,33.194,-82.5271,45.91,79,70,9.55
319,Palu,ID,2022-02-02 12:04:33,-0.8917,119.8707,76.5,95,99,1.03
320,Ketrzyn,PL,2022-02-02 12:04:33,54.0768,21.3753,31.57,95,100,10.98
321,Tiksi,RU,2022-02-02 12:04:33,71.6872,128.8694,-5.19,100,100,6.71
322,Hami,CN,2022-02-02 12:04:33,42.8,93.45,26.22,28,100,4.18
323,Sao Joao Da Barra,BR,2022-02-02 12:05:34,-21.6403,-41.0511,78.89,92,100,5.23
324,Andrelandia,BR,2022-02-02 12:05:34,-21.7397,-44.3092,69.28,89,100,2.42
325,Hermiston,US,2022-02-02 12:00:55,45.8404,-119.2895,34.54,56,100,3.44
326,Phonhong,LA,2022-02-02 12:05:34,18.5007,102.4166,75.02,79,37,2.68
327,Taos,US,2022-02-02 12:05:35,36.4072,-105.5731,28.98,90,100,1.99
328,Aklavik,CA,2022-02-02 12:05:22,68.2191,-135.0107,-27.17,100,94,5.64
329,Basay,PH,2022-02-02 12:05:35,9.4087,122.64,80.06,74,96,10.94
330,Udachnyy,RU,2022-02-02 12:03:54,66.4167,112.4,-31.5,100,62,1.92
331,Salina Cruz,MX,2022-02-02 12:05:35,16.1667,-95.2,73.74,85,2,6.22
332,Shimoda,JP,2022-02-02 12:05:36,34.6667,138.95,40.1,56,45,20.27
333,Ananas,HT,2022-02-02 12:05:36,19.2466,-71.9557,65.3,93,57,2.55
334,La Macarena,CO,2022-02-02 12:05:36,2.1837,-73.7849,73.63,55,97,2.68
335,Hamada,JP,2022-02-02 12:05:36,34.8833,132.0833,37.99,64,75,9.8
336,San Quintin,MX,2022-02-02 12:05:37,30.4833,-115.95,56.91,65,92,6.42
337,Kardla,EE,2022-02-02 12:05:37,58.9978,22.7492,28.02,79,100,9.89
338,Nefteyugansk,RU,2022-02-02 12:05:37,61.0998,72.6035,7.05,93,87,12.66
339,Washington,US,2022-02-02 12:05:16,47.5001,-120.5015,23.77,81,70,1.79
340,Concepcion,CL,2022-02-02 12:02:48,-36.827,-73.0498,59.43,82,25,1.16
341,Lumeje,AO,2022-02-02 12:05:37,-11.55,20.7833,85.68,43,70,4.0
342,Bure,ET,2022-02-02 12:05:38,10.7,37.0667,75.94,31,52,6.89
343,Kamenka,RU,2022-02-02 12:05:38,51.3223,42.7678,32.76,100,100,9.57
344,Progreso,MX,2022-02-02 12:05:38,21.2833,-89.6667,66.31,92,3,9.69
345,Sisimiut,GL,2022-02-02 12:05:39,66.9395,-53.6735,1.71,78,100,14.76
346,Ariquemes,BR,2022-02-02 12:05:39,-9.9133,-63.0408,73.67,96,100,1.48
347,Kitami,JP,2022-02-02 12:05:39,43.8031,143.8908,24.12,97,98,3.53
348,Marsh Harbour,BS,2022-02-02 12:05:30,26.5412,-77.0636,69.84,58,49,17.36
349,Pevek,RU,2022-02-02 12:05:39,69.7008,170.3133,-7.96,79,29,3.78
350,Tual,ID,2022-02-02 12:05:40,-5.6667,132.75,83.55,68,100,3.74
351,Kisangani,CD,2022-02-02 12:05:40,0.5167,25.2,85.95,43,100,2.57
352,Turbat,PK,2022-02-02 12:01:15,26.0023,63.044,81.36,10,0,26.06
353,Djambala,CG,2022-02-02 12:05:40,-2.5447,14.7533,85.06,52,72,3.56
354,Mount Gambier,AU,2022-02-02 12:05:41,-37.8333,140.7667,57.11,94,100,10.36
355,Yantal,RU,2022-02-02 12:05:41,56.8471,105.2542,-3.23,100,100,2.82
356,Necochea,AR,2022-02-02 12:05:41,-38.5473,-58.7368,71.04,58,100,8.46
357,Tuatapere,NZ,2022-02-02 12:05:41,-46.1333,167.6833,62.82,97,100,9.84
358,Cayenne,GF,2022-02-02 12:05:42,4.9333,-52.3333,80.64,88,100,1.01
359,Erenhot,CN,2022-02-02 12:05:42,43.6475,111.9767,1.72,87,2,6.71
360,Great Yarmouth,GB,2022-02-02 12:02:08,52.6083,1.7305,52.95,86,100,17.09
361,Nguruka,TZ,2022-02-02 12:05:42,-5.1092,31.0419,76.42,70,99,4.52
362,Tezu,IN,2022-02-02 12:05:43,27.9167,96.1667,56.97,69,26,3.91
363,Vilhena,BR,2022-02-02 12:05:43,-12.7406,-60.1458,71.37,91,90,0.6
364,Eyl,SO,2022-02-02 12:05:43,7.9803,49.8164,82.18,57,68,22.06
365,Singkang,MY,2022-02-02 12:05:43,2.1006,102.7994,80.17,74,61,1.88
366,Baruun-Urt,MN,2022-02-02 12:05:44,46.6806,113.2792,-8.18,92,12,4.76
367,Mosquera,CO,2022-02-02 12:05:44,4.7059,-74.2302,50.09,87,40,5.75
368,Nova Venecia,BR,2022-02-02 12:05:44,-18.7106,-40.4006,78.22,85,98,3.2
369,San Sebastian,ES,2022-02-02 12:05:44,43.3128,-1.975,58.69,68,0,1.99
370,Mirabad,AF,2022-02-02 12:05:45,30.4362,61.8383,59.05,30,0,26.24
371,Qasigiannguit,GL,2022-02-02 12:05:33,68.8193,-51.1922,3.45,91,100,6.67
372,Tucupita,VE,2022-02-02 12:06:45,9.0622,-62.051,74.71,86,23,3.83
373,Ancud,CL,2022-02-02 12:06:45,-41.8697,-73.8203,58.42,92,100,1.32
374,General Roca,AR,2022-02-02 12:06:46,-39.0333,-67.5833,75.6,32,19,13.85
375,Rantauprapat,ID,2022-02-02 12:06:46,2.1,99.8333,75.04,95,100,1.39
376,Roblin,CA,2022-02-02 12:06:46,51.23,-101.3565,-28.59,100,95,7.27
377,Den Helder,NL,2022-02-02 12:05:00,52.9599,4.7593,52.02,83,69,8.99
378,Goderich,CA,2022-02-02 12:06:47,43.7501,-81.7165,36.21,100,100,6.62
379,Ishigaki,JP,2022-02-02 12:06:47,24.3448,124.1572,72.09,76,83,16.06
380,Westport,US,2022-02-02 12:06:04,41.1415,-73.3579,34.95,86,100,4.0
381,Tomatlan,MX,2022-02-02 12:06:47,19.9333,-105.25,57.92,61,0,3.53
382,Kulhudhuffushi,MV,2022-02-02 12:06:48,6.6221,73.07,81.79,74,9,9.44
383,Sitrah,BH,2022-02-02 12:06:48,26.1547,50.6206,68.22,70,20,14.0
384,Reynosa,MX,2022-02-02 12:05:48,26.0833,-98.2833,68.99,97,100,12.66
385,Bay Roberts,CA,2022-02-02 12:06:48,47.5999,-53.2648,25.34,76,56,3.0
386,Vawkavysk,BY,2022-02-02 12:06:49,53.1561,24.4513,31.93,100,100,4.92
387,Hofn,IS,2022-02-02 12:06:49,64.2539,-15.2082,26.46,73,40,5.77
388,Palmas Bellas,PA,2022-02-02 12:06:49,9.2319,-80.0867,75.4,76,44,6.71
389,Findlay,US,2022-02-02 12:06:49,41.0442,-83.6499,43.65,65,100,4.61
390,Magway,MM,2022-02-02 12:06:50,20.15,94.9167,76.3,35,17,4.21
391,Karpathos,GR,2022-02-02 12:06:50,35.507,27.2132,62.56,67,40,26.46
392,Bilma,NE,2022-02-02 12:06:50,18.6853,12.9164,72.43,12,0,9.1
393,Makarov,RU,2022-02-02 12:06:50,48.6333,142.8,3.58,86,10,7.85
394,Trelew,AR,2022-02-02 12:06:51,-43.249,-65.3051,72.91,30,97,13.35
395,Porto Novo,BJ,2022-02-02 12:03:24,6.4965,2.6036,94.24,20,15,4.38
396,Batticaloa,LK,2022-02-02 12:06:51,7.7102,81.6924,78.75,69,2,9.71
397,Zaysan,KZ,2022-02-02 12:06:51,47.4667,84.8667,-1.03,98,78,3.18
398,Ledyard,US,2022-02-02 12:06:52,41.4398,-72.0142,34.14,89,75,3.44
399,Hambantota,LK,2022-02-02 12:06:52,6.1241,81.1185,84.54,74,40,6.91
400,Guarapari,BR,2022-02-02 12:06:52,-20.6667,-40.4975,82.29,88,100,3.65
401,Belica,BG,2022-02-02 12:06:53,41.9569,23.5725,27.75,94,100,2.3
402,Daru,PG,2022-02-02 12:06:53,-9.0763,143.2092,74.7,90,100,8.03
403,Luwuk,ID,2022-02-02 12:06:53,-0.9516,122.7875,79.32,73,100,2.8
404,Waddan,LY,2022-02-02 12:06:53,29.1614,16.139,57.33,38,15,23.71
405,Yuanping,CN,2022-02-02 12:06:54,38.7153,112.7575,25.77,25,0,4.43
406,Adrar,MR,2022-02-02 12:06:54,20.5022,-10.0711,81.03,14,76,22.28
407,Muvattupula,IN,2022-02-02 12:06:54,9.9667,76.5833,85.75,57,12,6.64
408,Ozernovskiy,RU,2022-02-02 12:06:54,51.5,156.5167,26.96,79,100,6.04
409,Kumluca,TR,2022-02-02 12:06:55,36.3703,30.2869,60.67,83,100,14.07
410,Trairi,BR,2022-02-02 12:06:55,-3.2778,-39.2689,82.04,72,85,7.85
411,Fernandina Beach,US,2022-02-02 12:03:57,30.6697,-81.4626,57.18,94,100,0.0
412,Nurmijarvi,FI,2022-02-02 12:06:11,60.4641,24.8073,22.3,89,75,3.44
413,Port Moresby,PG,2022-02-02 12:02:42,-9.4431,147.1797,73.02,92,100,17.6
414,Houma,US,2022-02-02 12:06:55,29.5958,-90.7195,64.99,93,83,12.66
415,Port Lincoln,AU,2022-02-02 12:06:56,-34.7333,135.8667,61.47,69,9,16.02
416,Herat,AF,2022-02-02 12:06:56,34.5,62.0,45.73,37,1,18.77
417,Hay River,CA,2022-02-02 12:06:42,60.8156,-115.7999,-23.4,97,31,5.32
418,Puerto Cabezas,NI,2022-02-02 12:06:56,14.0351,-83.3888,72.0,89,0,4.41
419,Vila Franca Do Campo,PT,2022-02-02 12:07:57,37.7167,-25.4333,61.21,72,93,9.93
420,Wick,GB,2022-02-02 12:07:57,58.4333,-3.0833,46.15,93,75,3.44
421,Loikaw,MM,2022-02-02 12:07:57,19.6742,97.2094,61.25,31,2,4.21
422,Verkhnevilyuysk,RU,2022-02-02 12:07:57,63.4453,120.3167,-18.8,97,98,6.98
423,Coihaique,CL,2022-02-02 12:07:58,-45.5752,-72.0662,57.15,51,75,5.75
424,Nikel,RU,2022-02-02 12:07:58,69.4128,30.222,11.98,94,100,3.65
425,Lingyuan,CN,2022-02-02 12:07:58,41.24,119.4011,15.42,50,0,3.87
426,San Cristobal,VE,2022-02-02 12:07:59,7.7669,-72.225,62.78,53,11,1.99
427,Mujiayingzi,CN,2022-02-02 12:07:59,42.1167,118.7833,8.02,69,0,4.38
428,Madisonville,US,2022-02-02 12:07:59,37.3281,-87.4989,45.39,98,100,8.99
429,Great Bend,US,2022-02-02 12:07:59,38.3645,-98.7648,17.73,83,100,19.57
430,Andradina,BR,2022-02-02 12:08:00,-20.8961,-51.3794,69.91,96,100,7.27
431,Port Hawkesbury,CA,2022-02-02 12:06:48,45.6169,-61.3485,14.59,84,48,2.98
432,Alamosa,US,2022-02-02 12:08:00,37.4695,-105.87,20.71,93,100,18.41
433,Baykit,RU,2022-02-02 12:08:00,61.67,96.37,-3.03,100,96,1.25
434,Ouargaye,BF,2022-02-02 12:08:01,11.5033,0.0572,85.23,5,71,10.51
435,Saint-Pierre,RE,2022-02-02 12:08:01,-21.3393,55.4781,83.84,89,100,40.29
436,Jumla,NP,2022-02-02 12:08:01,29.2747,82.1838,40.91,72,29,5.03
437,Andilamena,MG,2022-02-02 12:08:02,-17.0167,48.5833,80.58,48,80,9.1
438,Husavik,IS,2022-02-02 12:08:02,66.0449,-17.3389,17.78,86,58,10.42
439,Gornopravdinsk,RU,2022-02-02 12:08:02,60.05,69.9,23.59,88,99,11.01
440,Palmer,US,2022-02-02 12:08:03,42.1584,-72.3287,29.98,87,100,1.61
441,Wanning,CN,2022-02-02 12:08:03,18.8003,110.3967,67.69,94,62,7.81
442,Mehamn,NO,2022-02-02 12:08:03,71.0357,27.8492,21.38,86,40,6.91
443,Vila,PT,2022-02-02 12:08:04,42.0304,-8.1588,58.69,44,2,0.89
444,Santiago Del Estero,AR,2022-02-02 12:08:04,-27.7951,-64.2615,84.11,31,46,9.98
445,Kasangulu,CD,2022-02-02 12:08:04,-4.5911,15.1708,81.12,71,83,5.86
446,Bitung,ID,2022-02-02 12:08:04,1.4451,125.1824,76.05,83,100,8.37
447,Acarau,BR,2022-02-02 12:08:05,-2.8856,-40.12,81.86,72,94,11.07
448,Feijo,BR,2022-02-02 12:08:05,-8.1642,-70.3536,72.99,97,100,0.34
449,Visnes,NO,2022-02-02 12:08:05,59.3556,5.2242,41.05,60,40,3.44
450,Kamina,CD,2022-02-02 12:08:06,-8.7386,24.9906,74.3,72,100,4.36
451,Tucuma,BR,2022-02-02 12:08:06,-0.1833,-50.05,79.11,85,100,5.01
452,Yar-Sale,RU,2022-02-02 12:08:06,66.8333,70.8333,-11.81,96,84,8.95
453,Strelka,RU,2022-02-02 12:08:07,58.0728,93.0344,5.61,98,97,3.22
454,Visby,SE,2022-02-02 12:08:07,57.6409,18.296,29.05,64,75,11.5
455,Pavilosta,LV,2022-02-02 12:08:07,56.8879,21.1859,30.15,76,91,13.65
456,Nizhnevartovsk,RU,2022-02-02 12:04:20,60.9344,76.5531,10.42,92,100,4.47
457,Nelson Bay,AU,2022-02-02 12:04:14,-32.7167,152.15,69.12,92,100,1.01
458,Ustynivka,UA,2022-02-02 12:08:08,47.9551,32.5367,33.91,100,100,3.27
459,Tessalit,ML,2022-02-02 12:08:08,20.1986,1.0114,74.01,9,9,21.09
460,Fortuna,US,2022-02-02 12:08:09,40.5982,-124.1573,43.99,83,20,10.36
461,Nathdwara,IN,2022-02-02 12:08:09,24.9333,73.8167,83.39,24,0,10.36
462,Bandar,ID,2022-02-02 12:06:11,2.05,99.75,74.64,95,100,1.54
463,Kropotkin,RU,2022-02-02 12:08:09,45.4375,40.5756,41.56,95,100,7.11
464,Brae,GB,2022-02-02 12:08:10,60.3964,-1.353,42.71,74,99,10.83
465,Camalu,MX,2022-02-02 12:09:10,30.85,-116.0667,55.94,64,90,3.6
466,Qaqortoq,GL,2022-02-02 12:09:10,60.7167,-46.0333,3.7,86,3,6.2
467,Geraldton,AU,2022-02-02 12:09:11,-28.7667,114.6,84.61,51,0,5.75
468,Hudson Bay,CA,2022-02-02 12:09:11,52.85,-102.3842,-20.92,92,98,6.62
469,Pak Phanang,TH,2022-02-02 12:09:11,8.3511,100.202,80.53,76,12,9.17
470,Cravo Norte,CO,2022-02-02 12:09:12,6.3017,-70.2041,77.49,52,92,5.48
471,Pemberton,CA,2022-02-02 12:09:12,50.3164,-122.8027,10.67,95,73,0.85
472,Lander,US,2022-02-02 12:09:12,42.833,-108.7307,7.99,83,79,8.41
473,Sidney,AU,2022-02-02 12:06:22,-33.8679,151.2073,67.71,86,100,1.99
474,The Valley,AI,2022-02-02 12:09:12,18.217,-63.0578,79.11,83,40,5.75
475,Emerald,AU,2022-02-02 12:09:13,-23.5333,148.1667,78.94,89,40,12.66
476,Hobyo,SO,2022-02-02 12:09:13,5.3505,48.5268,81.75,64,68,20.83
477,Dingle,PH,2022-02-02 12:09:13,10.9995,122.6711,74.66,91,96,8.32
478,Hope,US,2022-02-02 12:09:14,33.6671,-93.5916,59.07,97,100,5.7
479,Bambous Virieux,MU,2022-02-02 12:09:14,-20.3428,57.7575,80.22,87,100,39.59
480,Ewa Beach,US,2022-02-02 12:09:14,21.3156,-158.0072,73.69,84,0,4.0
481,Nichinan,JP,2022-02-02 12:09:15,31.6,131.3667,42.75,76,100,5.14
482,Bojnice,SK,2022-02-02 12:09:15,48.7851,18.5864,44.98,97,100,8.61
483,Cascais,PT,2022-02-02 12:09:15,38.6979,-9.4215,63.46,49,0,5.01
484,Porterville,US,2022-02-02 12:09:16,36.0652,-119.0168,45.75,87,0,0.0
485,Sherlovaya Gora,RU,2022-02-02 12:09:16,50.5667,116.25,-21.41,97,27,4.94
486,Monrovia,LR,2022-02-02 12:09:16,6.3005,-10.7969,89.37,62,69,5.84
487,Salym,RU,2022-02-02 12:09:17,60.0625,71.4789,21.58,91,95,10.2
488,Luganville,VU,2022-02-02 12:09:17,-15.5333,167.1667,79.68,84,100,2.46
489,Dovers,VC,2022-02-02 12:09:17,12.8833,-61.1833,78.46,75,0,16.69
490,Weinan,CN,2022-02-02 12:05:03,34.5036,109.5089,36.84,49,70,3.47
491,Ulladulla,AU,2022-02-02 12:09:18,-35.35,150.4667,63.88,80,100,12.28
492,El Sobrante,US,2022-02-02 12:09:18,37.9772,-122.2953,55.56,46,0,1.01
493,Banda Aceh,ID,2022-02-02 12:09:19,5.5577,95.3222,80.62,79,44,10.22
494,Taoudenni,ML,2022-02-02 12:07:58,22.6783,-3.9836,77.31,12,23,17.83
495,Mouila,GA,2022-02-02 12:09:19,-1.8685,11.0559,85.26,67,81,4.74
496,Gualeguaychu,AR,2022-02-02 12:09:19,-33.0094,-58.5172,80.85,46,4,10.18
497,Shingu,JP,2022-02-02 12:09:20,33.7333,135.9833,40.91,70,57,5.73
498,Ornskoldsvik,SE,2022-02-02 12:09:20,63.2909,18.7153,14.95,85,20,5.75
499,Taguatinga,BR,2022-02-02 12:09:20,-12.3857,-46.5711,80.4,70,21,1.07
500,Japura,ID,2022-02-02 12:09:20,-0.3167,102.35,76.68,92,59,1.88
501,Itaituba,BR,2022-02-02 12:09:21,-4.2761,-55.9836,76.12,87,96,3.33
502,Hailar,CN,2022-02-02 12:09:21,49.2,119.7,-20.67,100,13,5.26
503,Sosva,RU,2022-02-02 12:09:21,59.1766,61.8558,28.09,90,100,8.19
504,Bandarban,BD,2022-02-02 12:09:21,22.1965,92.2262,65.66,62,5,2.71
505,Chicama,PE,2022-02-02 12:09:22,-7.8447,-79.1469,61.34,76,15,4.92
506,Novita,CO,2022-02-02 12:09:22,4.9551,-76.6053,72.37,97,68,1.43
507,La Peca,PE,2022-02-02 12:09:22,-5.6111,-78.435,67.71,77,67,0.78
508,Praia,CV,2022-02-02 12:09:23,14.9215,-23.5087,86.54,37,3,14.97
509,Nuristan,AF,2022-02-02 12:09:23,35.3,70.8333,16.63,89,100,3.31
510,Kaeo,NZ,2022-02-02 12:10:23,-35.1,173.7833,70.32,90,100,10.71
511,San Carlos De Bariloche,AR,2022-02-02 12:10:23,-41.1456,-71.3082,59.09,70,99,6.71
512,Vadlapudi,IN,2022-02-02 12:10:24,14.3167,79.8,78.58,56,14,10.31
513,Grindavik,IS,2022-02-02 12:10:24,63.8424,-22.4338,30.67,74,75,12.66
514,Orlik,RU,2022-02-02 12:10:24,52.5178,99.825,-12.39,97,42,1.95
515,Pringsewu,ID,2022-02-02 12:10:25,-5.3582,104.9744,74.88,93,98,1.88
516,Vanimo,PG,2022-02-02 12:10:25,-2.6741,141.3028,78.3,84,100,2.06
517,Shihezi,CN,2022-02-02 12:10:25,44.3,86.0333,6.42,98,90,1.63
518,Tabas,IR,2022-02-02 12:10:25,33.5959,56.9244,54.95,31,0,4.09
519,Whitecourt,CA,2022-02-02 12:10:26,54.1502,-115.6855,-12.73,99,18,2.3
520,North Vanlaiphai,IN,2022-02-02 12:10:26,23.1333,93.0667,48.74,55,4,0.51
521,Batemans Bay,AU,2022-02-02 12:10:26,-35.7167,150.1833,66.09,72,100,10.25
522,Lata,PT,2022-02-02 12:10:26,40.1629,-8.3327,67.5,43,1,5.01
523,Bahia Honda,CU,2022-02-02 12:10:27,22.9036,-83.1592,66.54,91,15,10.96
524,Biltine,TD,2022-02-02 12:10:27,14.5333,20.9167,81.57,10,0,8.14
525,Saurimo,AO,2022-02-02 12:10:27,-9.6608,20.3916,81.3,64,79,1.32
526,Moose Factory,CA,2022-02-02 12:10:28,51.2585,-80.6094,3.18,66,75,17.27
527,Muisne,EC,2022-02-02 12:10:28,0.6,-80.0333,75.7,87,86,3.58
528,Moranbah,AU,2022-02-02 12:10:28,-22.0016,148.0466,85.89,54,91,8.95
529,Port Blair,IN,2022-02-02 12:10:29,11.6667,92.75,78.12,71,7,11.7
530,Dawei,MM,2022-02-02 12:10:29,14.0833,98.2,74.35,79,11,5.06
531,Turukhansk,RU,2022-02-02 12:10:29,65.8167,87.9833,8.69,94,100,9.4
532,Karratha,AU,2022-02-02 12:10:29,-20.7377,116.8463,84.04,71,99,13.76
533,Sorland,NO,2022-02-02 12:10:30,67.667,12.6934,28.47,55,100,18.79
534,Levelland,US,2022-02-02 12:10:30,33.5873,-102.378,33.19,62,100,14.54
535,Taganak,PH,2022-02-02 12:10:30,6.0833,118.3,81.64,76,99,11.92
536,Acapetahua,MX,2022-02-02 12:10:31,15.2833,-92.7,69.8,79,24,1.79
537,Machilipatnam,IN,2022-02-02 12:10:31,16.1667,81.1333,84.4,63,6,10.96
538,Denia,ES,2022-02-02 12:10:31,38.8408,0.1057,76.95,52,0,5.01
539,Okha,RU,2022-02-02 12:10:31,53.5739,142.9478,0.34,85,100,24.54
540,Uyuni,BO,2022-02-02 12:10:32,-20.4597,-66.825,46.15,80,89,4.88
541,Roma,US,2022-02-02 12:08:55,43.2128,-75.4557,32.85,86,0,8.05
542,Dezful,IR,2022-02-02 12:10:32,32.3811,48.4058,65.53,29,0,3.74
543,Tazovskiy,RU,2022-02-02 12:10:32,67.4667,78.7,-14.13,99,93,6.42
544,Muli,MV,2022-02-02 12:10:32,2.9167,73.5667,82.81,73,14,11.83
545,Estelle,US,2022-02-02 12:10:33,29.8458,-90.1067,65.05,94,100,8.05
546,Moba,CN,2022-02-02 12:10:33,33.2288,105.0179,28.49,68,96,1.86
547,Awbari,LY,2022-02-02 12:06:36,26.5921,12.7805,56.52,32,2,19.69
548,Olafsvik,IS,2022-02-02 12:10:33,64.8945,-23.7142,32.88,66,100,13.42
549,Thinadhoo,MV,2022-02-02 12:10:34,0.5333,72.9333,83.37,68,22,6.82
550,Tanda,IN,2022-02-02 12:10:34,26.55,82.65,63.01,48,0,2.68
551,Ballina,AU,2022-02-02 12:10:08,-28.8667,153.5667,76.78,98,100,3.44
552,Laramie,US,2022-02-02 12:06:27,41.3114,-105.5911,3.02,78,0,18.41
553,Raahe,FI,2022-02-02 12:11:34,64.6833,24.4833,15.89,91,100,6.26
554,San Jose,US,2022-02-02 12:11:24,37.3394,-121.895,56.08,40,0,4.0
555,Van,TR,2022-02-02 12:11:35,38.4924,43.3831,36.75,56,40,3.44
556,Wad Madani,SD,2022-02-02 12:11:35,14.4012,33.5199,88.39,20,17,5.64
557,Kolobrzeg,PL,2022-02-02 12:11:35,54.1757,15.5834,39.15,86,98,15.1
558,Pisco,PE,2022-02-02 12:10:21,-13.7,-76.2167,68.05,77,99,1.14
559,Kawalu,ID,2022-02-02 12:11:36,-7.3817,108.2082,74.71,92,86,2.86
560,Huarmey,PE,2022-02-02 12:11:36,-10.0681,-78.1522,70.36,83,84,7.2
561,Okhotsk,RU,2022-02-02 12:11:36,59.3833,143.3,4.14,75,100,18.63
562,Dobryatino,RU,2022-02-02 12:11:36,55.5055,41.3195,23.74,92,100,8.5
563,Hof,DE,2022-02-02 12:11:37,50.3167,11.9167,41.45,80,75,12.66
564,Vernon,CA,2022-02-02 12:11:37,50.2581,-119.2691,4.8,93,29,1.99
565,La Ronge,CA,2022-02-02 12:11:37,55.1001,-105.2842,-24.52,92,27,9.71
566,Salinopolis,BR,2022-02-02 12:11:38,-0.6136,-47.3561,79.84,83,100,11.54
